NOR;CPP;DEF;DUD;PER;MAXIMO_DIAS_ATRASO_DDIRECTASBS.1;MAXIMO_DIAS_ATRASO_DDIRECTASBS.2;MAXIMO_DIAS_ATRASO_DDIRECTASBS.3;Documentos Impagos;Dias de atraso de PAGO;al_menos_uno_de_los_solicitantes_vive_en_la_garantia_;motivo_principal_del_prestamo;sector_detalle;sector;Distrito de Garantia
0;0;0;0;0;0;0;0;0;;VERDADERO;Expansión del Negocio;otros servicios: salud y estetica;no dependiente;catacaos
0;0;0;0;100;0;0;0;678.85;0;VERDADERO;Capital de trabajo;otros servicios: servicio tecnico industrial;no dependiente;independencia
0;100;0;0;0;15;16;15;0;1;FALSO;Expansión del Negocio;otros servicios: salon de belleza;no dependiente;castilla
0;0;0;0;0;0;0;0;0;;VERDADERO;Construir o remodelar;otros servicios: salon de belleza;no dependiente;santiago de surco
17.01;0;82.99;0;0;58;30;27;0;;VERDADERO;Expansión del Negocio;manufactura: madera y muebles;no dependiente;villa el salvador
100;0;0;0;0;0;0;0;0;;FALSO;Capital de trabajo;comerciante: venta de alimentos mayorista;no dependiente;san miguel
0;0;0;0;100;0;0;0;17905.71;;VERDADERO;Compra de deuda;dependiente;dependiente;san martin de porres
100;0;0;0;0;0;0;0;0;;VERDADERO;Compra de deuda;manufactura: madera y muebles;no dependiente;la molina
52.44;0;0;0;47.56;0;0;0;50;;VERDADERO;Compra de deuda;otros servicios: entretenimiento;no dependiente;paucarpata
100;0;0;0;0;0;0;0;172.14;;FALSO;Compra de deuda;dependiente;dependiente;villa el salvador
87.74;12.26;0;0;0;16;0;0;2708.63;;VERDADERO;Compra de deuda;comerciante: venta de alimentos minorista;no dependiente;los olivos
100;0;0;0;0;0;0;0;0;;VERDADERO;Capital de trabajo;otros servicios: servicio de transporte de carga;no dependiente;pueblo libre
100;0;0;0;0;0;53;22;1272.6;;VERDADERO;Lanzar nuevo negocio;;dependiente;surquillo
100;0;0;0;0;0;0;0;0;;FALSO;Construir o remodelar;otros servicios: servicios de educacion y capacitacion;no dependiente;los olivos
100;0;0;0;0;0;0;0;0;;VERDADERO;Capital de trabajo;otros servicios: otros;no dependiente;cayma
100;0;0;0;0;0;0;0;0;;VERDADERO;Expansión del Negocio;agricultura (produccion agricola);no dependiente;miraflores
100;0;0;0;0;5;0;60;0;;VERDADERO;Compra de deuda;comerciante: venta de bebidas alcoholicas;no dependiente;los olivos
100;0;0;0;0;0;0;0;0;;VERDADERO;Capital de trabajo;construccion: construccion de vivienda;no dependiente;ate
100;0;0;0;0;0;0;0;0;;VERDADERO;Compra de deuda;otros servicios: salud y estetica;no dependiente;san miguel
76.26;23.74;0;0;0;26;0;0;621.13;;VERDADERO;Capital de trabajo;otros servicios: publicidad impresa;no dependiente;los olivos
0;0;0;0;0;0;0;0;12588.09;;;Capital de trabajo;comerciante: venta de articulos de belleza;no dependiente;cercado de lima
100;0;0;0;0;0;0;0;495;;VERDADERO;Compra de deuda;;dependiente;san juan de miraflores
100;0;0;0;0;0;0;0;0;;VERDADERO;Capital de trabajo;manufactura: textil cuero y calzado;no dependiente;ate
100;0;0;0;0;0;0;0;0;;FALSO;Capital de trabajo;construccion: construccion de vivienda;no dependiente;santiago de surco
100;0;0;0;0;0;0;0;18;;VERDADERO;Construir o remodelar;agricultura (produccion agricola);no dependiente;san juan de lurigancho
0;0;0;2.55;97.45;0;0;0;0;;VERDADERO;Construir o remodelar;comerciante: bodega;no dependiente;san martin de porres
0;0;0;31.56;68.44;35;5;0;78.07;;VERDADERO;Lanzar nuevo negocio;otros servicios: servicio tecnico domestico;no dependiente;villa el salvador
0;0;0;74.84;25.16;0;137;106;235.91;2;VERDADERO;Construir o remodelar;construccion: construccion de vivienda;no dependiente;la molina
0;0;0;59.5;40.5;452;422;391;2363.71;;VERDADERO;Compra de deuda;otros servicios: servicio de transporte privado/taxi/remisse o mototaxi;no dependiente;ate
0;0;0;37.52;62.48;0;0;0;139.41;;VERDADERO;Capital de trabajo;;dependiente;comas
100;0;0;0;0;0;0;0;0;;FALSO;Compra de deuda;otros servicios: servicios de educacion y capacitacion;no dependiente;san martin de porres
0;0;100;0;0;0;0;0;66.6;;VERDADERO;Lanzar nuevo negocio;otros servicios: servicios de educacion y capacitacion;no dependiente;san martin de porres
0;0;0;100;0;81;53;22;0;;VERDADERO;Capital de trabajo;construccion: construccion de local(es) comercial(es);no dependiente;villa el salvador
100;0;0;0;0;0;0;0;414.75;;FALSO;Capital de trabajo;otros servicios: arrendamiento;;los olivos
100;0;0;0;0;0;0;0;0;;VERDADERO;Capital de trabajo;otros servicios: salud y estetica;no dependiente;los olivos
0;0;0;0;100;0;0;0;1915.83;;VERDADERO;Construir o remodelar;;dependiente;san martin de porres
0;0;0;0;0;0;0;0;0;;VERDADERO;Construir o remodelar;;dependiente;callao
0;0;0;100;0;0;0;0;0;;VERDADERO;Capital de trabajo;otros servicios: restaurante/fuente de soda;no dependiente;magdalena del mar
100;0;0;0;0;0;0;0;0;;VERDADERO;Lanzar nuevo negocio;;no dependiente;villa el salvador
100;0;0;0;0;0;0;0;0;;VERDADERO;Construir o remodelar;comerciante: venta de inmueble;no dependiente;san martin de porres
100;0;0;0;0;0;0;0;0;;;Capital de trabajo;comerciante: venta de vehiculos;no dependiente;san juan de lurigancho
93.2;6.8;0;0;0;15;7;0;0;14;VERDADERO;Capital de trabajo;otros servicios: salud y estetica;no dependiente;los olivos
100;0;0;0;0;0;0;0;0;;FALSO;Construir o remodelar;comerciante: bodega;no dependiente;yanahuara
3.87;88.12;0;0;8.02;128;98;67;0;;FALSO;Compra de deuda;otros servicios: restaurante/fuente de soda;no dependiente;cercado de lima
100;0;0;0;0;0;0;0;0;53;VERDADERO;Compra de deuda;otros servicios: consultoria empresarial;no dependiente;san miguel
100;0;0;0;0;0;0;0;369.91;;VERDADERO;Capital de trabajo;otros servicios: salud y estetica;no dependiente;pueblo libre
0;0;0;9.16;90.84;375;345;314;0;;VERDADERO;Expansión del Negocio;otros servicios: restaurante/fuente de soda;no dependiente;los olivos
100;0;0;0;0;0;0;0;0;;VERDADERO;Compra de deuda;otros servicios: otros;no dependiente;cieneguilla
100;0;0;0;0;0;0;0;0;;FALSO;Capital de trabajo;comerciante: venta de ropa cuero y calzado;no dependiente;miraflores
100;0;0;0;0;0;0;0;0;;VERDADERO;Compra de deuda;manufactura: textil cuero y calzado;no dependiente;callao
70.8;29.2;0;0;0;12;0;0;0;;VERDADERO;Capital de trabajo;construccion: otros;no dependiente;san bartolo
0;0;0;0;0;0;0;0;0;;FALSO;Lanzar nuevo negocio;otros servicios: arrendamiento;;san isidro
100;0;0;0;0;0;0;0;0;;FALSO;Compra de deuda;otros servicios: arrendamiento;;santiago de surco
0;0;0;0;0;0;0;0;0;3;VERDADERO;Capital de trabajo;otros servicios: otros;no dependiente;miraflores
100;0;0;0;0;0;0;0;0;;FALSO;Construir o remodelar;;dependiente;villa el salvador
19.98;80.02;0;0;0;14;0;8;0;;VERDADERO;Capital de trabajo;otros servicios: otros;no dependiente;villa el salvador
0;0;0;0;0;0;0;0;704.79;1;VERDADERO;Capital de trabajo;pesca;no dependiente;callao
100;0;0;0;0;0;0;0;0;1;VERDADERO;Compra de deuda;;dependiente;santiago de surco
100;0;0;0;0;0;0;0;0;;VERDADERO;Capital de trabajo;comerciante: venta de articulos de ferreteria;no dependiente;villa el salvador
70.8;29.2;0;0;0;12;0;0;0;;VERDADERO;Capital de trabajo;construccion: otros;no dependiente;san bartolo
0;0;0;0;0;0;0;0;111.17;;FALSO;Capital de trabajo;comerciante: venta de articulos de ferreteria;no dependiente;carabayllo
91.59;8.41;0;0;0;16;0;0;120.68;;VERDADERO;Capital de trabajo;comerciante: otros;no dependiente;comas
100;0;0;0;0;0;0;1;0;;VERDADERO;Capital de trabajo;;no dependiente;surquillo
100;0;0;0;0;0;0;0;21;0;VERDADERO;Construir o remodelar;otros servicios: consultoria empresarial;no dependiente;cercado de lima
100;0;0;0;0;0;25;0;0;0;VERDADERO;Capital de trabajo;comerciante: otros;no dependiente;independencia
100;0;0;0;0;6;0;0;46.02;;VERDADERO;Capital de trabajo;comerciante: venta de vehiculos;no dependiente;villa el salvador
0;58.83;0;0;41.17;0;126;172;0;;FALSO;Capital de trabajo;construccion: construccion de vivienda;no dependiente;trujillo
100;0;0;0;0;0;0;0;0;;VERDADERO;Construir o remodelar;otros servicios: servicio de alojamiento hostales;no dependiente;chorrillos
100;0;0;0;0;0;0;0;0;;FALSO;Compra de deuda;otros servicios: otros;no dependiente;surquillo
56.6;0;25.5;0;17.9;56;137;109;76.4;;FALSO;Compra de deuda;comerciante: venta de accesorios y equipos tecnologicos;no dependiente;cercado de lima
0;0;0;0;100;0;0;0;261.86;;VERDADERO;Construir o remodelar;;no dependiente;san martin de porres
100;0;0;0;0;0;0;0;0;;;Capital de trabajo;otros servicios: consultoria empresarial;no dependiente;villa el salvador
0;0;0;0;0;0;0;0;74.3;;FALSO;Construir o remodelar;;no dependiente;san martin de porres
25.57;3.51;70.92;0;0;52;21;2;0;;VERDADERO;Capital de trabajo;comerciante: venta de ropa cuero y calzado;no dependiente;callao
100;0;0;0;0;0;0;0;0;15;VERDADERO;Compra de deuda;otros servicios: servicio de transporte privado/taxi/remisse o mototaxi;no dependiente;san juan de lurigancho
11.23;88.77;0;0;0;17;0;0;402.8;;FALSO;Compra de deuda;otros servicios: arrendamiento;;miraflores
81.66;0;0;18.34;0;0;0;0;0;;VERDADERO;Construir o remodelar;otros servicios: publicidad impresa;no dependiente;carabayllo
100;0;0;0;0;0;0;0;0;1;VERDADERO;Compra de deuda;;dependiente;san juan de lurigancho
100;0;0;0;0;0;0;1;0;;FALSO;Compra de deuda;comerciante: venta de alimentos minorista;no dependiente;miraflores
100;0;0;0;0;0;0;0;0;;VERDADERO;Capital de trabajo;manufactura: petroleo caucho productos quimicos y plasticos;no dependiente;cieneguilla
0;0;49.31;50.69;0;117;86;87;0;;VERDADERO;Construir o remodelar;construccion: construccion de vivienda;no dependiente;pueblo libre
100;0;0;0;0;0;0;0;0;;VERDADERO;Construir o remodelar;otros servicios: consultoria empresarial;no dependiente;comas
93.5;0;0;0;6.5;0;136;106;0;;VERDADERO;Compra de deuda;;dependiente;ate
88.79;0;0;0;11.21;0;191;161;9.88;;VERDADERO;Construir o remodelar;;dependiente;comas
100;0;0;0;0;0;0;0;0;;VERDADERO;Construir o remodelar;manufactura: textil cuero y calzado;no dependiente;comas
100;0;0;0;0;0;0;0;0;;VERDADERO;Capital de trabajo;otros servicios: arrendamiento;servicios;rimac
0;0;0;0;0;0;0;0;0;;VERDADERO;Compra de deuda;comerciante: otros;no dependiente;la molina
100;0;0;0;0;0;0;0;0;;VERDADERO;Compra de deuda;otros servicios: otros;no dependiente;santiago de surco
100;0;0;0;0;0;0;0;0;0;VERDADERO;Lanzar nuevo negocio;;dependiente;san martin de porres
0;0;0;0;0;0;0;0;0;;VERDADERO;Capital de trabajo;otros servicios: otros;no dependiente;chorrillos
100;0;0;0;0;0;0;0;0;;VERDADERO;Compra de deuda;;no dependiente;callao
100;0;0;0;0;0;0;0;0;1;VERDADERO;Construir o remodelar;;dependiente;san juan de lurigancho
100;0;0;0;0;0;0;0;437.56;;VERDADERO;Otros motivos personales;otros servicios: concesionario de alimentos;no dependiente;chorrillos
0;100;0;0;0;28;0;0;158.96;3;FALSO;Construir o remodelar;otros servicios: arrendamiento;;cieneguilla
100;0;0;0;0;0;0;0;0;;FALSO;Construir o remodelar;otros servicios: consultoria empresarial;no dependiente;chorrillos
100;0;0;0;0;0;0;0;399.86;;VERDADERO;Capital de trabajo;manufactura: textil cuero y calzado;no dependiente;san martin de porres
42.92;39.91;17.17;0;0;46;15;0;0;;VERDADERO;Capital de trabajo;otros servicios: otros;no dependiente;lurin
0;0;0;0;0;0;0;0;0;;FALSO;Construir o remodelar;otros servicios: arrendamiento;;los olivos
2.14;97.86;0;0;0;11;0;0;0;;FALSO;Capital de trabajo;comerciante: otros;no dependiente;san isidro
85.7;14.3;0;0;0;26;0;0;0;11;VERDADERO;Otros motivos personales;;dependiente;villa el salvador
100;0;0;0;0;0;0;0;0;1;VERDADERO;Compra de deuda;;dependiente;san martin de porres
31.13;68.87;0;0;0;6;4;30;495.89;;VERDADERO;Compra de deuda;;dependiente;san martin de porres
100;0;0;0;0;0;0;0;731.35;;VERDADERO;Capital de trabajo;otros servicios: consultoria empresarial;no dependiente;la molina
6.39;93.61;0;0;0;26;0;0;2652.28;;FALSO;Capital de trabajo;otros servicios: salon de belleza;no dependiente;miraflores
100;0;0;0;0;0;0;0;39.59;;VERDADERO;Compra de deuda;comerciante: otros;no dependiente;callao
22.42;77.58;0;0;0;27;26;0;0;;VERDADERO;Compra de deuda;;dependiente;san martin de porres
100;0;0;0;0;0;0;0;0;;FALSO;Capital de trabajo;construccion: otros;no dependiente;san miguel
100;0;0;0;0;0;29;26;0;;FALSO;Lanzar nuevo negocio;otros servicios: arrendamiento;;chincha alta
100;0;0;0;0;1;0;0;0;;VERDADERO;Compra de deuda;otros servicios: consultoria empresarial;no dependiente;la victoria
100;0;0;0;0;0;0;0;0;;VERDADERO;Construir o remodelar;comerciante: otros;no dependiente;san borja
100;0;0;0;0;0;0;1;0;4;VERDADERO;Construir o remodelar;;dependiente;miraflores
100;0;0;0;0;0;0;0;0;;VERDADERO;Capital de trabajo;otros servicios: servicios de educacion y capacitacion;no dependiente;san miguel
100;0;0;0;0;3;0;0;0;27;VERDADERO;Compra de deuda;;dependiente;miraflores
100;0;0;0;0;0;0;0;0;27;VERDADERO;Compra de deuda;;dependiente;miraflores
6.35;0;33.38;60.27;0;86;56;25;0;;VERDADERO;Compra de deuda;;no dependiente;pueblo libre
100;0;0;0;0;0;0;0;0;;VERDADERO;Capital de trabajo;otros servicios: otros;no dependiente;villa el salvador
0;0;0;0;0;0;0;0;608.1;;VERDADERO;Capital de trabajo;comerciante: venta de joyeria;no dependiente;los olivos
98.45;1.55;0;0;0;25;0;0;555.6;;VERDADERO;Compra de deuda;;dependiente;carabayllo
100;0;0;0;0;0;1;0;0;;VERDADERO;Construir o remodelar;otros servicios: call center;no dependiente;san borja
45.91;36.39;0;17.7;0;18;0;16;0;19;FALSO;Compra de deuda;comerciante: venta de ropa cuero y calzado;no dependiente;jesus maria
100;0;0;0;0;0;0;0;0;32;VERDADERO;Compra de deuda;comerciante: venta de articulos de libreria;no dependiente;villa el salvador
7.34;92.66;0;0;0;15;0;0;0;;VERDADERO;Compra de deuda;;dependiente;ate
0;0;0;0;100;0;0;0;0;;VERDADERO;Expansión del Negocio;otros servicios: salud y estetica;no dependiente;san juan de miraflores
100;0;0;0;0;0;0;0;545.14;29;VERDADERO;Capital de trabajo;otros servicios: servicio tecnico domestico;no dependiente;breña
0;0;0;0;0;0;0;0;4532.23;;VERDADERO;Lanzar nuevo negocio;;dependiente;villa maria del triunfo
100;0;0;0;0;0;0;0;9043.6;4;FALSO;Compra de deuda;otros servicios: servicio de alojamiento hoteles;no dependiente;la victoria
0;0;0;0;0;0;0;0;0;;VERDADERO;Otros motivos personales;comerciante: venta de articulos de belleza;no dependiente;san borja
100;0;0;0;0;0;0;0;0;;VERDADERO;Compra de deuda;otros servicios: servicio de transporte privado/taxi/remisse o mototaxi;no dependiente;callao
16.46;83.54;0;0;0;10;11;9;0;2;VERDADERO;Capital de trabajo;manufactura: textil cuero y calzado;no dependiente;la victoria
100;0;0;0;0;0;0;0;0;;VERDADERO;Otros motivos personales;;dependiente;miraflores
100;0;0;0;0;0;0;0;0;0;FALSO;Construir o remodelar;construccion: construccion de vivienda;no dependiente;santiago de surco
0;0;0;0;0;0;0;0;1825.68;;VERDADERO;Construir o remodelar;otros servicios: consultoria empresarial;no dependiente;san borja
100;0;0;0;0;0;0;0;0;;FALSO;Construir o remodelar;otros servicios: arrendamiento;;trujillo
100;0;0;0;0;0;0;0;0;;VERDADERO;Capital de trabajo;comerciante: otros;no dependiente;trujillo
49.98;50.02;0;0;0;11;0;0;24.91;;VERDADERO;Compra de deuda;comerciante: venta de alimentos minorista;no dependiente;trujillo
100;0;0;0;0;0;0;0;42.52;;VERDADERO;Construir o remodelar;;dependiente;comas
100;0;0;0;0;0;0;0;0;;FALSO;Capital de trabajo;otros servicios: otros;no dependiente;la molina
0;0;0;0;100;0;0;0;19140.64;;VERDADERO;Compra de deuda;otros servicios: servicios de educacion y capacitacion;no dependiente;ate
100;0;0;0;0;0;0;0;0;;VERDADERO;Lanzar nuevo negocio;;dependiente;cercado de lima
0;0;0;0;0;0;0;0;627.89;6;VERDADERO;Expansión del Negocio;otros servicios: restaurante/fuente de soda;no dependiente;san martin de porres
0;0;0;0;100;758;728;697;1321.32;;VERDADERO;Compra de deuda;otros servicios: otros;no dependiente;los olivos
0;0;0;0;100;0;0;0;0;;VERDADERO;Construir o remodelar;otros servicios: otros;no dependiente;san luis
96.22;3.78;0;0;0;20;1;0;132.66;;VERDADERO;Compra de deuda;otros servicios: servicio de transporte privado/taxi/remisse o mototaxi;no dependiente;villa el salvador
73.88;26.12;0;0;0;15;0;0;15.01;0;VERDADERO;Compra de deuda;otros servicios: arrendamiento;;santiago de surco
100;0;0;0;0;0;0;0;0;;VERDADERO;Compra de deuda;comerciante: otros;no dependiente;comas
100;0;0;0;0;0;0;0;0;;VERDADERO;Construir o remodelar;otros servicios: otros;no dependiente;callao
0;0;0;0;100;0;0;0;14104.07;108;VERDADERO;Construir o remodelar;otros servicios: arrendamiento;;callao
100;0;0;0;0;0;6;0;0;3;VERDADERO;Compra de deuda;otros servicios: servicio de transporte de carga;no dependiente;independencia
100;0;0;0;0;0;0;0;0;;VERDADERO;Construir o remodelar;otros servicios: consultoria empresarial;no dependiente;villa el salvador
100;0;0;0;0;0;0;0;0;2;VERDADERO;Capital de trabajo;otros servicios: servicio de transporte de carga;no dependiente;cercado de lima
100;0;0;0;0;0;0;0;10.82;31;VERDADERO;Compra de deuda;;dependiente;santiago de surco
100;0;0;0;0;0;0;0;0;;VERDADERO;Compra de deuda;otros servicios: consultoria empresarial;no dependiente;los olivos
100;0;0;0;0;0;0;0;0;;VERDADERO;Compra de deuda;comerciante: venta de accesorios y equipos tecnologicos;no dependiente;bellavista
100;0;0;0;0;0;0;0;0;;VERDADERO;Capital de trabajo;otros servicios: otros;no dependiente;san juan de lurigancho
100;0;0;0;0;0;0;0;0;;FALSO;Capital de trabajo;comerciante: otros;no dependiente;miraflores
89.74;10.26;0;0;0;25;0;0;0;;VERDADERO;Capital de trabajo;comerciante: otros;no dependiente;san juan de lurigancho
6.61;93.39;0;0;0;10;0;0;0;;VERDADERO;Compra de deuda;otros servicios: consultoria empresarial;no dependiente;bellavista
0;0;0;0;0;0;0;0;1072.12;20;VERDADERO;Lanzar nuevo negocio;;dependiente;la molina
24.62;75.38;0;0;0;25;6;4;0;;VERDADERO;Compra de deuda;otros servicios: salud y estetica;no dependiente;la molina
100;0;0;0;0;0;0;0;0;;VERDADERO;Construir o remodelar;otros servicios: consultoria empresarial;no dependiente;los olivos
15.28;53.95;0;30.76;0;74;51;20;287.7;;VERDADERO;Compra de deuda;comerciante: venta de ropa cuero y calzado;no dependiente;mariano melgar
98.71;0;0;0;1.29;0;6;0;70.73;;FALSO;Construir o remodelar;construccion: construccion de vivienda;no dependiente;ate
100;0;0;0;0;0;0;0;645.51;;VERDADERO;Otros motivos personales;;dependiente;chorrillos
99.66;0;0;0.34;0;36;6;3;0;3;VERDADERO;Expansión del Negocio;comerciante: otros;no dependiente;carabayllo
28.29;0;0;0;71.71;0;0;0;0;;VERDADERO;Construir o remodelar;otros servicios: restaurante/fuente de soda;no dependiente;pachacamac
30.86;69.14;0;0;0;14;0;0;0;0;VERDADERO;Construir o remodelar;otros servicios: consultoria empresarial;no dependiente;comas
0;0;0;1.11;98.89;0;0;0;0;0;FALSO;Compra de deuda;comerciante: venta de abarrotes;no dependiente;santiago de surco
22.42;37.96;0;39.62;0;84;53;23;0;;VERDADERO;Compra de deuda;otros servicios: arrendamiento;;villa el salvador
100;0;0;0;0;0;0;0;89.72;;VERDADERO;Construir o remodelar;otros servicios: servicio de transporte privado/taxi/remisse o mototaxi;no dependiente;los olivos
100;0;0;0;0;0;0;0;794.8;8;VERDADERO;Construir o remodelar;;dependiente;cercado de lima
31.91;0;68.09;0;0;56;25;0;0;;FALSO;Capital de trabajo;otros servicios: otros;no dependiente;san miguel
39.25;0;60.75;0;0;60;29;2;0;;VERDADERO;Compra de deuda;otros servicios: otros;no dependiente;san isidro
31.52;0;0;0;68.48;0;0;0;0;;VERDADERO;Capital de trabajo;comerciante: venta de articulos de belleza;no dependiente;trujillo
0;0;0;0;100;0;0;0;6731.31;;VERDADERO;Construir o remodelar;otros servicios: restaurante/fuente de soda;no dependiente;trujillo
100;0;0;0;0;0;0;0;54.1;;FALSO;Capital de trabajo;otros servicios: otros;no dependiente;santiago de surco
100;0;0;0;0;0;0;0;1603.62;;VERDADERO;Lanzar nuevo negocio;;dependiente;callao
100;0;0;0;0;0;0;0;0;5;VERDADERO;Compra de deuda;comerciante: bodega;no dependiente;san juan de lurigancho
100;0;0;0;0;0;3;3;0;;VERDADERO;Compra de deuda;otros servicios: servicios de educacion y capacitacion;no dependiente;pueblo libre
100;0;0;0;0;0;0;0;0;4;FALSO;Compra de deuda;;dependiente;san miguel
0;0;0;100;0;107;76;46;0;;VERDADERO;Compra de deuda;comerciante: otros;no dependiente;san martin de porres
0;100;0;0;0;29;28;29;1346.14;;FALSO;Construir o remodelar;otros servicios: arrendamiento;;carabayllo
0;0;0;0;100;0;0;0;1357.69;;VERDADERO;Construir o remodelar;otros servicios: restaurante/fuente de soda;no dependiente;lurin
0;0;0;0;0;0;0;0;256.4;;VERDADERO;Lanzar nuevo negocio;;dependiente;ventanilla
72.43;0;0;0;27.57;0;7;0;701.65;;VERDADERO;Construir o remodelar;comerciante: otros;no dependiente;villa el salvador
0;0;15.76;84.24;0;59;76;46;0;;VERDADERO;Compra de deuda;otros servicios: servicio de transporte de carga;no dependiente;puente piedra
100;0;0;0;0;0;0;0;0;;VERDADERO;Capital de trabajo;;no dependiente;san juan de lurigancho
100;0;0;0;0;0;0;0;0;3;FALSO;Construir o remodelar;otros servicios: otros;no dependiente;la molina
100;0;0;0;0;3;2;0;12.61;;VERDADERO;Construir o remodelar;comerciante: otros;no dependiente;los olivos
13.93;83.92;2.15;0;0;46;46;16;28.42;;VERDADERO;Construir o remodelar;otros servicios: arrendamiento;;villa el salvador
0;0;0;0;0;0;0;0;17556.25;;VERDADERO;Compra de deuda;;dependiente;miraflores
0;0;0;0;0;0;0;0;54.13;;VERDADERO;Capital de trabajo;otros servicios: taller automotriz;no dependiente;pueblo libre
0;0;0;0;0;0;0;0;354.57;;VERDADERO;Construir o remodelar;otros servicios: servicio de transporte privado/taxi/remisse o mototaxi;no dependiente;villa el salvador
0;0;0;0;0;0;0;0;0;;VERDADERO;Capital de trabajo;otros servicios: otros;no dependiente;la esperanza
100;0;0;0;0;0;0;12;424.65;8;VERDADERO;Capital de trabajo;comerciante: venta de articulos de belleza;no dependiente;ate
100;0;0;0;0;0;0;0;0;;FALSO;Construir o remodelar;otros servicios: otros;no dependiente;cercado de lima
0;0;0;3.15;96.85;0;0;0;675.48;1;VERDADERO;Capital de trabajo;otros servicios: salud y estetica;no dependiente;san martin de porres
100;0;0;0;0;0;0;0;87.97;;FALSO;Construir o remodelar;otros servicios: arrendamiento;;san juan de miraflores
0;0;0;0;100;187;156;126;2121.38;;VERDADERO;Construir o remodelar;otros servicios: restaurante/fuente de soda;no dependiente;trujillo
0;0;0;10.06;89.94;0;0;0;498.97;4;VERDADERO;Lanzar nuevo negocio;otros servicios: arrendamiento;;san miguel
0;0;0;0;0;0;0;0;0;;VERDADERO;Capital de trabajo;otros servicios: otros;no dependiente;la perla
100;0;0;0;0;0;0;0;0;33;VERDADERO;Construir o remodelar;;dependiente;ate
100;0;0;0;0;0;0;0;1120.01;;VERDADERO;Construir o remodelar;;dependiente;san juan de lurigancho
0;0;0;0;100;0;0;0;431.4;31;FALSO;Construir o remodelar;otros servicios: restaurante/fuente de soda;no dependiente;san juan de lurigancho
89.57;0;10.43;0;0;56;57;27;0;9;VERDADERO;Compra de deuda;comerciante: venta de ropa cuero y calzado;no dependiente;santiago de surco
50.89;49.11;0;0;0;0;0;0;491.01;;VERDADERO;Compra de deuda;otros servicios: servicio tecnico industrial;no dependiente;san miguel
100;0;0;0;0;0;0;0;0;;VERDADERO;Construir o remodelar;;dependiente;chorrillos
100;0;0;0;0;0;0;0;0;;VERDADERO;Capital de trabajo;otros servicios: publicidad digital;no dependiente;callao
100;0;0;0;0;0;0;0;0;;FALSO;Otros motivos personales;otros servicios: consultoria empresarial;no dependiente;san borja
100;0;0;0;0;0;0;0;14.49;;FALSO;Capital de trabajo;otros servicios: servicio de transporte privado para empresas;no dependiente;cercado de lima
100;0;0;0;0;0;0;0;0;;FALSO;Construir o remodelar;comerciante: venta de ropa cuero y calzado;no dependiente;villa el salvador
0;0;0;0;0;0;0;0;7843.38;;VERDADERO;Construir o remodelar;;dependiente;los olivos
100;0;0;0;0;0;0;0;0;;VERDADERO;Construir o remodelar;construccion: construccion de vivienda;no dependiente;santiago de surco
0;0;0;64.35;35.65;17;0;0;2840.74;;FALSO;Capital de trabajo;otros servicios: servicios de educacion y capacitacion;no dependiente;victor larco herrera
100;0;0;0;0;0;0;0;0;0;VERDADERO;Compra de deuda;otros servicios: consultoria empresarial;no dependiente;santiago de surco
100;0;0;0;0;0;0;0;8415.05;;FALSO;Otros motivos personales;comerciante: venta de alimentos mayorista;no dependiente;comas
100;0;0;0;0;0;0;0;0;;VERDADERO;Construir o remodelar;comerciante: otros;no dependiente;los olivos
0;0;0;0;100;268;237;207;0;;VERDADERO;Construir o remodelar;otros servicios: servicio de transporte privado/taxi/remisse o mototaxi;no dependiente;villa el salvador
100;0;0;0;0;0;0;0;0;;VERDADERO;Capital de trabajo;comerciante: otros;no dependiente;san juan de lurigancho
0;0;40.68;59.32;0;117;86;56;87.1;7;FALSO;Compra de deuda;otros servicios: arrendamiento;;san martin de porres
100;0;0;0;0;0;0;0;22268.87;;VERDADERO;Capital de trabajo;otros servicios: servicio de transporte de carga;no dependiente;trujillo
70.4;0;0;0;29.6;0;0;0;28.57;;VERDADERO;Construir o remodelar;otros servicios: otros;no dependiente;villa el salvador
0;0;0;0;0;0;0;0;0;;VERDADERO;Capital de trabajo;comerciante: otros;no dependiente;la victoria
100;0;0;0;0;0;0;0;11.5;;FALSO;Construir o remodelar;;dependiente;san juan de lurigancho
100;0;0;0;0;0;0;0;0;;VERDADERO;Capital de trabajo;comerciante: venta de articulos de libreria;no dependiente;villa el salvador
100;0;0;0;0;0;0;0;107.01;;VERDADERO;Expansión del Negocio;comerciante: bodega;no dependiente;san martin de porres
100;0;0;0;0;0;0;1;411.38;;VERDADERO;Construir o remodelar;comerciante: bodega;no dependiente;villa el salvador
0;0;0;0;0;0;0;0;0;;FALSO;Compra de deuda;otros servicios: diseno y/o acabado de interiores;no dependiente;jesus maria
0;0;0;0;100;0;0;0;0;;FALSO;Capital de trabajo;comerciante: venta de articulos de libreria;no dependiente;ate
50.09;49.91;0;0;0;11;10;0;393.68;8;VERDADERO;Lanzar nuevo negocio;comerciante: venta de ropa cuero y calzado;no dependiente;san martin de porres
100;0;0;0;0;0;0;0;0;;VERDADERO;Compra de deuda;comerciante: venta de ropa cuero y calzado;no dependiente;la victoria
100;0;0;0;0;0;0;0;0;;FALSO;Capital de trabajo;otros servicios: otros;no dependiente;cercado de lima
20.46;25.37;43.61;10.55;0;107;106;75;70.38;;VERDADERO;Compra de deuda;otros servicios: servicios de educacion y capacitacion;no dependiente;paucarpata
0;0;0;0;0;0;74;43;11.98;;VERDADERO;Construir o remodelar;;dependiente;san juan de miraflores
86.12;13.88;0;0;0;0;0;0;0;;VERDADERO;Capital de trabajo;otros servicios: otros;no dependiente;san borja
100;0;0;0;0;0;0;0;46.66;4;VERDADERO;Capital de trabajo;agricultura (produccion agricola);no dependiente;cayma
100;0;0;0;0;0;0;25;46.12;;VERDADERO;Expansión del Negocio;comerciante: venta de accesorios y equipos tecnologicos;no dependiente;santiago de surco
100;0;0;0;0;0;0;0;0;;VERDADERO;Capital de trabajo;otros servicios: servicio de catering;no dependiente;san martin de porres
100;0;0;0;0;0;0;0;0;15;VERDADERO;Compra de deuda;construccion: otros;no dependiente;miraflores
0;0;0;0;100;0;0;0;0;97;VERDADERO;Capital de trabajo;otros servicios: restaurante/fuente de soda;no dependiente;ate
100;0;0;0;0;0;0;0;56.49;;VERDADERO;Capital de trabajo;comerciante: venta de equipamientos y accesorios de seguridad;no dependiente;bellavista
0;0;0;0;0;0;0;0;4494.34;;VERDADERO;Compra de vehículo;comerciante: venta de ropa cuero y calzado;no dependiente;san juan de miraflores
0;0;0;0;100;0;0;148;0;;FALSO;Compra de deuda;otros servicios: arrendamiento;;cercado de lima
0;0;0;0;0;0;0;0;38692.464;;FALSO;Capital de trabajo;comerciante: venta de ropa cuero y calzado;no dependiente;breña
0;0;0;0;100;0;0;0;0;;FALSO;Capital de trabajo;otros servicios: salon de belleza;no dependiente;chorrillos
38.8;61.2;0;0;0;30;0;0;342.04;4;;Capital de trabajo;;no dependiente;cercado de lima
0;0;0;0;100;0;0;0;0;;VERDADERO;Capital de trabajo;otros servicios: otros;no dependiente;santiago de surco
100;0;0;0;0;0;0;0;0;3;VERDADERO;Construir o remodelar;;no dependiente;san bartolo
71.78;0;0;11.21;17.01;143;112;81;0;;VERDADERO;Construir o remodelar;;no dependiente;villa el salvador
100;0;0;0;0;0;0;0;0;;FALSO;Construir o remodelar;otros servicios: servicio de alojamiento hoteles;no dependiente;asia
51.59;34.87;13.55;0;0;29;31;0;400.07;;VERDADERO;Capital de trabajo;comerciante: venta de ropa cuero y calzado;no dependiente;carabayllo
0;0;0;0;0;0;0;0;0;;VERDADERO;Construir o remodelar;;dependiente;carabayllo
100;0;0;0;0;0;0;0;284.6;;VERDADERO;Compra de deuda;;dependiente;santiago de surco
100;0;0;0;0;0;0;0;0;;VERDADERO;Construir o remodelar;otros servicios: otros;no dependiente;la victoria
100;0;0;0;0;0;0;0;34.33;;VERDADERO;Capital de trabajo;comerciante: otros;no dependiente;lurin
96.29;0;3.71;0;0;41;10;0;0;;FALSO;Capital de trabajo;;no dependiente;comas
100;0;0;0;0;0;0;0;0;;VERDADERO;Construir o remodelar;otros servicios: arrendamiento;;comas
0;0;0;0;0;0;0;0;11335.75;;VERDADERO;Construir o remodelar;;dependiente;san juan de lurigancho
0;0;0;0;0;0;0;0;0;;VERDADERO;Construir o remodelar;otros servicios: otros;no dependiente;trujillo
0.23;99.77;0;0;0;0;0;9;553;;VERDADERO;Capital de trabajo;;dependiente;miraflores
0;0;75.3;5.41;19.3;6;6;146;0;10;VERDADERO;Construir o remodelar;;dependiente;miraflores
1.17;20.45;0;78.39;0;71;40;39;0;;VERDADERO;Capital de trabajo;manufactura: textil cuero y calzado;no dependiente;san juan de lurigancho
43.44;52.42;4.14;0;0;60;29;0;0;4;VERDADERO;Construir o remodelar;;dependiente;la molina
15;14.42;0;70.58;0;78;45;12;0;;VERDADERO;Compra de deuda;otros servicios: salud y estetica;no dependiente;cieneguilla
0;100;0;0;0;0;0;0;1144.21;;VERDADERO;Construir o remodelar;comerciante: venta de alimentos minorista;no dependiente;puente piedra
0;0;0;0;0;0;0;0;0;;VERDADERO;Capital de trabajo;comerciante: otros;no dependiente;san juan de miraflores
100;0;0;0;0;0;0;0;0;;VERDADERO;Construir o remodelar;otros servicios: servicio de transporte privado/taxi/remisse o mototaxi;no dependiente;san juan de lurigancho
100;0;0;0;0;0;0;0;0;;VERDADERO;Otros motivos personales;;no dependiente;chorrillos
100;0;0;0;0;0;0;0;6.76;;VERDADERO;Construir o remodelar;;dependiente;villa maria del triunfo
100;0;0;0;0;0;0;0;0;;FALSO;Otros motivos personales;;dependiente;la perla
11.32;88.68;0;0;0;30;0;0;0;;VERDADERO;Capital de trabajo;comerciante: venta de articulos de limpieza;no dependiente;los olivos
99.78;0.22;0;0;0;12;0;0;0;;VERDADERO;Capital de trabajo;otros servicios: otros;no dependiente;breña
0;0;0;0.03;99.97;197;166;135;0;0;FALSO;Capital de trabajo;comerciante: venta de combustibles/lubricantes/neumaticos;no dependiente;el agustino
100;0;0;0;0;0;0;0;0;;VERDADERO;Capital de trabajo;otros servicios: otros;no dependiente;santiago de surco
0;0;0;0;0;0;0;0;914.34;;VERDADERO;Construir o remodelar;otros servicios: arrendamiento;;puente piedra
0;0;0;0;0;0;0;0;0;;FALSO;Otros motivos personales;comerciante: venta de vehiculos;no dependiente;miraflores
100;0;0;0;0;0;0;0;0;;VERDADERO;Capital de trabajo;comerciante: otros;no dependiente;la molina
0;0;0;0;0;0;562;531;0;;VERDADERO;Construir o remodelar;comerciante: venta de abarrotes;no dependiente;san juan de lurigancho
0;0;0;0;0;0;0;0;655.25;;FALSO;Construir o remodelar;otros servicios: arrendamiento;;lince
0;0;49.82;32.66;17.52;310;279;248;0;;VERDADERO;Compra de deuda;;dependiente;carabayllo
100;0;0;0;0;0;0;0;0;;FALSO;Capital de trabajo;comerciante: venta de alimentos mayorista;no dependiente;el agustino
100;0;0;0;0;0;0;0;72.77;;FALSO;Otros motivos personales;otros servicios: salon de belleza;no dependiente;miraflores
0;0;0;0;100;342;342;342;801.12;;VERDADERO;Construir o remodelar;otros servicios: telecomunicaciones;no dependiente;barranco
0;0;0;0;0;0;0;0;19866.11;;VERDADERO;Capital de trabajo;otros servicios: consultoria empresarial;no dependiente;santa anita
0;0;57.63;42.37;0;106;75;44;0;4;FALSO;Capital de trabajo;comerciante: bodega;no dependiente;chorrillos
100;0;0;0;0;0;0;0;0;;FALSO;Capital de trabajo;comerciante: venta de articulos de belleza;no dependiente;la victoria
0;0;0;0;0;0;0;0;0;;VERDADERO;Otros motivos personales;otros servicios: restaurante/fuente de soda;no dependiente;los olivos
100;0;0;0;0;0;0;0;0;;VERDADERO;Compra de deuda;comerciante: venta de ropa cuero y calzado;no dependiente;carabayllo
0;0;0;6.68;93.32;0;0;0;64.04;;VERDADERO;Construir o remodelar;otros servicios: diseno y/o acabado de interiores;no dependiente;la molina
78.59;1.41;20;0;0;30;0;0;200.65;;VERDADERO;Compra de deuda;otros servicios: otros;no dependiente;villa el salvador
100;0;0;0;0;0;0;0;0;;VERDADERO;Construir o remodelar;otros servicios: otros;no dependiente;carabayllo
0;0;0;0;0;0;0;0;0;37;VERDADERO;Compra de deuda;;dependiente;los olivos
100;0;0;0;0;0;0;0;0;;VERDADERO;Compra de deuda;otros servicios: restaurante/fuente de soda;no dependiente;san martin de porres
87.7;4.32;0;0;7.98;13;0;0;0;;VERDADERO;Compra de deuda;;dependiente;san miguel
100;0;0;0;0;0;0;0;0;;FALSO;Capital de trabajo;comerciante: venta de inmueble;no dependiente;carabayllo
0;0;0;0;0;0;0;0;539.18;;VERDADERO;Capital de trabajo;comerciante: bodega;no dependiente;san juan de miraflores
5.08;0;0;90.23;4.69;128;97;66;0;2;VERDADERO;Capital de trabajo;;no dependiente;santiago de surco
100;0;0;0;0;0;0;0;434.81;1;FALSO;Construir o remodelar;construccion: remodelacion de vivienda;no dependiente;puente piedra
0;0;0;0;0;0;0;0;0;;FALSO;Capital de trabajo;otros servicios: arrendamiento;;san juan de lurigancho
100;0;0;0;0;0;10;0;0;;VERDADERO;Capital de trabajo;comerciante: venta de autopartes;no dependiente;san luis
0;0;0;0;0;0;0;0;33.45;;VERDADERO;Capital de trabajo;otros servicios: servicio de transporte de carga;no dependiente;callao
100;0;0;0;0;0;0;0;0;8;VERDADERO;Capital de trabajo;otros servicios: restaurante/fuente de soda;no dependiente;callao
100;0;0;0;0;0;0;0;0;0;FALSO;Compra de deuda;otros servicios: servicios de educacion y capacitacion;no dependiente;miraflores
100;0;0;0;0;0;0;0;0;;FALSO;Expansión del Negocio;comerciante: venta de alimentos mayorista;no dependiente;trujillo
0;100;0;0;0;14;0;0;0;;VERDADERO;Capital de trabajo;otros servicios: salon de belleza;no dependiente;la esperanza
0;0;0;0;100;0;0;0;6239;;VERDADERO;Compra de deuda;otros servicios: publicidad digital;no dependiente;trujillo
100;0;0;0;0;0;0;0;0;;VERDADERO;Capital de trabajo;comerciante: otros;no dependiente;jose luis bustamante y rivero
0;0;0;0;0;0;0;0;29.82;;VERDADERO;Capital de trabajo;;no dependiente;los olivos
10.36;4.5;85.14;0;0;53;53;22;2577.96;;FALSO;Compra de deuda;comerciante: venta de autopartes;no dependiente;carabayllo
100;0;0;0;0;0;0;0;0;1;VERDADERO;Capital de trabajo;;no dependiente;san juan de lurigancho
21.66;63.52;0;14.82;0;85;55;24;2273.25;;VERDADERO;Construir o remodelar;otros servicios: otros;no dependiente;carabayllo
90.24;8.85;0.91;0;0;36;6;0;0;0;VERDADERO;Otros motivos personales;;dependiente;magdalena del mar
0;0;0;0;100;0;121;90;0;;VERDADERO;Capital de trabajo;;no dependiente;trujillo
100;0;0;0;0;0;0;0;0;;VERDADERO;Compra de deuda;;no dependiente;breña
31.52;68.48;0;0;0;24;0;0;0;6;VERDADERO;Capital de trabajo;otros servicios: servicio de catering;no dependiente;san martin de porres
0;0;0;0;100;0;0;0;3923.1;;FALSO;Compra de deuda;otros servicios: servicios de educacion y capacitacion;no dependiente;magdalena del mar
100;0;0;0;0;0;0;0;0;;VERDADERO;Capital de trabajo;construccion: remodelacion de vivienda;no dependiente;cayma
100;0;0;0;0;5;0;0;0;;VERDADERO;Construir o remodelar;;dependiente;santiago de surco
0;0;0;0;0;0;0;0;0;;VERDADERO;Capital de trabajo;comerciante: otros;no dependiente;san juan de miraflores
100;0;0;0;0;0;0;0;0;;VERDADERO;Construir o remodelar;otros servicios: arrendamiento;;san juan de lurigancho
100;0;0;0;0;0;0;0;0;;VERDADERO;Capital de trabajo;construccion: construccion de vivienda;no dependiente;san juan de lurigancho
100;0;0;0;0;3;0;0;2223.1;1;VERDADERO;Construir o remodelar;;dependiente;pueblo libre
100;0;0;0;0;0;0;0;0;;VERDADERO;Construir o remodelar;;dependiente;san martin de porres
0;0;0;0;0;0;0;0;0;;FALSO;Construir o remodelar;;dependiente;san juan de lurigancho
0;0;22.27;31.07;46.66;128;98;148;56.23;;FALSO;Construir o remodelar;;dependiente;magdalena del mar
0;0;6.38;33.33;60.29;0;0;0;0;2;VERDADERO;Construir o remodelar;otros servicios: servicio tecnico domestico;no dependiente;san martin de porres
100;0;0;0;0;0;0;0;0;;VERDADERO;Compra de deuda;;dependiente;comas
17.53;0;82.47;0;0;46;16;16;0;1;VERDADERO;Construir o remodelar;otros servicios: arrendamiento;;san juan de miraflores
0;0;0;0;100;0;0;0;84.72;8;VERDADERO;Construir o remodelar;;dependiente;bellavista
0;0;0;0;0;0;0;0;0;;VERDADERO;Compra de vehículo;;dependiente;san miguel
100;0;0;0;0;0;0;0;0;;VERDADERO;Construir o remodelar;;dependiente;san juan de miraflores
0;0;0;0;100;0;165;134;62.2;;VERDADERO;Compra de deuda;comerciante: venta de accesorios y equipos tecnologicos;no dependiente;callao
100;0;0;0;0;0;0;0;0;;FALSO;Construir o remodelar;otros servicios: arrendamiento;;san borja
0;0;0;0;0;0;0;0;76.11;;FALSO;Capital de trabajo;manufactura: elaborados de metal maquinaria equipo aparatos electricos vehiculos;no dependiente;chilca
100;0;0;0;0;0;0;0;0;;VERDADERO;Capital de trabajo;manufactura: elaborados de metal maquinaria equipo aparatos electricos vehiculos;no dependiente;villa el salvador
100;0;0;0;0;0;0;0;8210.5;;FALSO;Compra de deuda;otros servicios: otros;no dependiente;cercado de lima
100;0;0;0;0;0;0;0;31.42;;VERDADERO;Construir o remodelar;;dependiente;punta hermosa
100;0;0;0;0;0;0;28;986.49;;FALSO;Capital de trabajo;manufactura: madera y muebles;no dependiente;florencia de mora
100;0;0;0;0;0;0;0;157.94;;VERDADERO;Construir o remodelar;otros servicios: otros;no dependiente;la esperanza
0;0;0;0;100;0;0;0;0;1;VERDADERO;Capital de trabajo;otros servicios: servicios de educacion y capacitacion;no dependiente;callao
100;0;0;0;0;0;0;0;0;;VERDADERO;Compra de deuda;;dependiente;yanahuara
100;0;0;0;0;0;0;0;0;0;VERDADERO;Construir o remodelar;otros servicios: arrendamiento;;santiago de surco
100;0;0;0;0;0;0;0;0;5;VERDADERO;Capital de trabajo;otros servicios: servicios de educacion y capacitacion;no dependiente;villa el salvador
100;0;0;0;0;0;0;0;0;5;VERDADERO;Construir o remodelar;otros servicios: servicios de educacion y capacitacion;no dependiente;villa el salvador
100;0;0;0;0;0;0;4;0;;FALSO;Capital de trabajo;otros servicios: otros;no dependiente;santiago de surco
6.75;0;93.25;0;0;60;30;0;0;0;VERDADERO;Compra de deuda;otros servicios: salon de belleza;no dependiente;chorrillos
100;0;0;0;0;0;25;0;0;;VERDADERO;Capital de trabajo;otros servicios: salud y estetica;no dependiente;santiago de surco
100;0;0;0;0;0;0;0;0;1;VERDADERO;Capital de trabajo;otros servicios: salud y estetica;no dependiente;santiago de surco
0;0;0;0;0;0;0;0;0;;FALSO;Capital de trabajo;;no dependiente;carabayllo
0;0;0;0;100;0;0;0;345.5;;VERDADERO;Capital de trabajo;comerciante: otros;no dependiente;carabayllo
0;0;0;0;0;0;0;0;0;;VERDADERO;Compra de deuda;;no dependiente;la molina
0;0;0;0;100;0;0;0;0;0;VERDADERO;Construir o remodelar;otros servicios: arrendamiento;;san borja
45.49;0;54.51;0;0;0;31;0;0;;VERDADERO;Capital de trabajo;;no dependiente;los olivos
100;0;0;0;0;0;0;0;1243.65;;VERDADERO;Capital de trabajo;otros servicios: actividades veterinarias;no dependiente;san borja
100;0;0;0;0;0;0;0;230.65;;VERDADERO;Construir o remodelar;otros servicios: otros;no dependiente;san borja
100;0;0;0;0;0;0;0;0;;VERDADERO;Compra de deuda;otros servicios: arrendamiento;;santiago de surco
100;0;0;0;0;0;0;0;680.63;;FALSO;Compra de deuda;;dependiente;san martin de porres
100;0;0;0;0;0;0;0;0;;VERDADERO;Construir o remodelar;otros servicios: otros;no dependiente;el agustino
0;100;0;0;0;57;27;27;91.7;;FALSO;Capital de trabajo;comerciante: venta de articulos de ferreteria;no dependiente;surquillo
36.29;45.77;17.93;0;0;45;15;0;1176.15;;VERDADERO;Capital de trabajo;comerciante: venta de abarrotes;no dependiente;trujillo
100;0;0;0;0;0;0;0;865.98;;VERDADERO;Compra de deuda;comerciante: otros;no dependiente;santiago de surco
28.24;71.76;0;0;0;10;0;0;1083.58;;FALSO;Lanzar nuevo negocio;otros servicios: servicio de transporte privado/taxi/remisse o mototaxi;no dependiente;chorrillos
100;0;0;0;0;0;0;0;0;18;VERDADERO;Compra de deuda;otros servicios: arrendamiento;;san juan de lurigancho
100;0;0;0;0;0;0;0;0;;FALSO;Construir o remodelar;otros servicios: otros;no dependiente;villa maria del triunfo
100;0;0;0;0;0;0;0;0;;FALSO;Compra de deuda;otros servicios: arrendamiento;;comas
100;0;0;0;0;0;0;0;0;;VERDADERO;Construir o remodelar;construccion: remodelacion de vivienda;no dependiente;san borja
100;0;0;0;0;0;0;0;0;;VERDADERO;Compra de vehículo;comerciante: venta de articulos de ferreteria;no dependiente;carabayllo
0;0;0;0;0;0;0;0;22957.51;;;Capital de trabajo;comerciante: venta de ropa cuero y calzado;no dependiente;el agustino
100;0;0;0;0;0;0;0;0;;FALSO;Capital de trabajo;otros servicios: otros;no dependiente;los olivos
100;0;0;0;0;0;0;0;0;10;FALSO;Compra de deuda;otros servicios: farmacia;no dependiente;miraflores
100;0;0;0;0;0;0;0;318.79;;FALSO;Compra de deuda;;dependiente;ate
100;0;0;0;0;0;1;1;0;;FALSO;Lanzar nuevo negocio;otros servicios: arrendamiento;;los olivos
100;0;0;0;0;0;0;0;0;;FALSO;Compra de deuda;otros servicios: servicios de educacion y capacitacion;no dependiente;san isidro
100;0;0;0;0;0;0;0;0;;VERDADERO;Capital de trabajo;comerciante: venta de ropa cuero y calzado;no dependiente;los olivos
100;0;0;0;0;0;0;0;1202.75;;VERDADERO;Compra de vehículo;otros servicios: otros;no dependiente;carabayllo
100;0;0;0;0;0;0;0;0;;VERDADERO;Construir o remodelar;;dependiente;san martin de porres
100;0;0;0;0;0;0;0;0;0;VERDADERO;Compra de deuda;construccion: otros;no dependiente;santiago de surco
100;0;0;0;0;0;0;0;8395.43;;VERDADERO;Capital de trabajo;;dependiente;san martin de porres
100;0;0;0;0;0;0;0;0;;FALSO;Compra de deuda;otros servicios: salud y estetica;no dependiente;pucusana
100;0;0;0;0;0;41;16;0;;VERDADERO;Capital de trabajo;otros servicios: servicio de transporte de carga;no dependiente;santa anita
100;0;0;0;0;0;0;0;0;;FALSO;Construir o remodelar;comerciante: venta de bebidas alcoholicas;no dependiente;bellavista
100;0;0;0;0;0;0;0;0;0;VERDADERO;Compra de deuda;otros servicios: arrendamiento;;san juan de miraflores
100;0;0;0;0;0;0;0;0;;VERDADERO;Compra de deuda;otros servicios: servicios de seguridad;no dependiente;comas
86.49;13.51;0;0;0;0;0;0;20.92;;VERDADERO;Capital de trabajo;;dependiente;jesus maria
0;0;0;0;100;0;0;0;0;1;VERDADERO;Capital de trabajo;comerciante: venta de accesorios y equipos tecnologicos;no dependiente;los olivos
0;0;0;28.21;71.79;12;0;0;985.52;0;FALSO;Construir o remodelar;otros servicios: arrendamiento;;santiago de surco
51.57;48.43;0;0;0;9;0;15;0;;VERDADERO;Capital de trabajo;otros servicios: otros;no dependiente;la esperanza
100;0;0;0;0;0;0;0;0;;VERDADERO;Construir o remodelar;otros servicios: arrendamiento;;los olivos
100;0;0;0;0;0;0;6;5477.37;1;VERDADERO;Compra de deuda;otros servicios: diseno y/o acabado de interiores;no dependiente;santiago de surco
100;0;0;0;0;0;0;0;0;;VERDADERO;Capital de trabajo;otros servicios: arrendamiento;;chorrillos
0;0;0;0;0;0;0;0;15.4;32;FALSO;Capital de trabajo;otros servicios: salud y estetica;no dependiente;san juan de miraflores
100;0;0;0;0;2;0;0;0;;FALSO;Capital de trabajo;otros servicios: arrendamiento;;el tambo
0;0;0;0;0;0;0;0;0;;FALSO;Construir o remodelar;otros servicios: otros;no dependiente;callao
100;0;0;0;0;0;0;0;277.7;;VERDADERO;Construir o remodelar;otros servicios: arrendamiento;;miraflores
0;0;0;0;0;0;0;0;0;;VERDADERO;Construir o remodelar;;dependiente;los olivos
0;0;0;0;0;0;0;0;5052.57;;VERDADERO;Capital de trabajo;construccion: otros;no dependiente;breña
0;0;0;0;0;0;0;122;1658.03;;VERDADERO;Capital de trabajo;comerciante: venta de alimentos mayorista;no dependiente;ate
0;0;0;0;100;421;390;360;2137.26;;VERDADERO;Capital de trabajo;comerciante: venta de articulos de ferreteria;no dependiente;comas
37.96;48.04;9.27;0;4.72;0;0;125;0;;VERDADERO;Construir o remodelar;otros servicios: otros;no dependiente;san miguel
100;0;0;0;0;0;0;0;62.88;;VERDADERO;Capital de trabajo;otros servicios: diseno y/o acabado de interiores;no dependiente;santiago de surco
0;0;0;0;0;0;0;0;1787.03;;FALSO;Capital de trabajo;comerciante: venta de ropa cuero y calzado;no dependiente;lince
0;0;0;0;0;0;0;0;0;;VERDADERO;Lanzar nuevo negocio;;dependiente;villa maria del triunfo
100;0;0;0;0;0;0;0;4912.02;;FALSO;Capital de trabajo;comerciante: venta de equipamientos y accesorios de seguridad;no dependiente;rimac
89.08;10.92;0;0;0;0;0;0;0;1;VERDADERO;Capital de trabajo;comerciante: otros;no dependiente;san juan de lurigancho
0;0;0;0;0;0;0;0;0;;FALSO;Otros motivos personales;otros servicios: restaurante/fuente de soda;no dependiente;santiago de surco
100;0;0;0;0;0;0;0;0;;FALSO;Capital de trabajo;comerciante: venta de ropa cuero y calzado;no dependiente;san martin de porres
0;0;0;0;0;0;0;0;0;;VERDADERO;Construir o remodelar;otros servicios: diseno y/o acabado de interiores;no dependiente;la molina
0;0;0;62.89;37.11;812;781;751;34.58;0;VERDADERO;Capital de trabajo;comerciante: bodega;no dependiente;san juan de miraflores
100;0;0;0;0;0;0;0;0;;VERDADERO;Construir o remodelar;otros servicios: arrendamiento;;ate
0;100;0;0;0;0;0;0;0;;FALSO;Construir o remodelar;;dependiente;ate
0;0;0;0;0;0;0;0;0;;FALSO;Capital de trabajo;comerciante: venta de autopartes;no dependiente;trujillo
0;0;0;0;0;0;0;0;0;;VERDADERO;Compra de deuda;;dependiente;trujillo
100;0;0;0;0;0;28;5;0;;VERDADERO;Compra de deuda;;dependiente;trujillo
0;0;0;0;100;0;0;0;932.37;;FALSO;Compra de vehículo;comerciante: venta de vehiculos;no dependiente;cerro colorado
0;0;0;0;0;0;0;0;3125.25;;VERDADERO;Compra de deuda;otros servicios: servicios de seguridad;no dependiente;mariano melgar
100;0;0;0;0;0;0;0;0;;VERDADERO;Compra de deuda;otros servicios: arrendamiento;;la victoria
100;0;0;0;0;0;0;0;0;0;VERDADERO;Construir o remodelar;otros servicios: salon de belleza;no dependiente;callao
100;0;0;0;0;0;0;25;6201.1;3;VERDADERO;Compra de deuda;comerciante: otros;no dependiente;los olivos
0;0;0;0;0;0;0;0;0;0;VERDADERO;Construir o remodelar;;dependiente;pueblo libre
100;0;0;0;0;0;0;0;0;;VERDADERO;Compra de deuda;otros servicios: salud y estetica;no dependiente;jesus maria
0;100;0;0;0;13;0;35;0;;VERDADERO;Compra de deuda;otros servicios: otros;no dependiente;santiago de surco
0;0;0;0;0;0;0;0;186.65;;FALSO;Construir o remodelar;otros servicios: publicidad impresa;no dependiente;trujillo
0;0;0;0;0;0;0;0;0;9;VERDADERO;Capital de trabajo;manufactura: textil cuero y calzado;no dependiente;santa anita
100;0;0;0;0;0;0;0;0;;VERDADERO;Compra de deuda;otros servicios: consultoria empresarial;no dependiente;santiago de surco
0;0;0;0;0;0;0;0;5274.23;;VERDADERO;Lanzar nuevo negocio;;dependiente;santiago de surco
0;0;0;0;100;167;136;106;522.21;;VERDADERO;Lanzar nuevo negocio;otros servicios: salud y estetica;no dependiente;callao
100;0;0;0;0;0;0;0;0;9;VERDADERO;Capital de trabajo;manufactura: petroleo caucho productos quimicos y plasticos;no dependiente;los olivos
100;0;0;0;0;0;0;0;393.86;;VERDADERO;Construir o remodelar;otros servicios: restaurante/fuente de soda;no dependiente;ate
0;0;0;0;100;287;256;226;0;;VERDADERO;Capital de trabajo;otros servicios: salon de belleza;no dependiente;san miguel
0;0;0;0;100;0;0;154;82.67;;VERDADERO;Construir o remodelar;comerciante: venta de joyeria;no dependiente;villa el salvador
0;0;0;33.9;66.1;152;121;91;488.2;;FALSO;Construir o remodelar;otros servicios: arrendamiento;;lurin
33.07;66.93;0;0;0;14;0;0;0;2;VERDADERO;Construir o remodelar;otros servicios: salon de belleza;no dependiente;san martin de porres
100;0;0;0;0;0;0;0;180.77;;VERDADERO;Construir o remodelar;manufactura: textil cuero y calzado;no dependiente;villa el salvador
100;0;0;0;0;0;0;4;0;;VERDADERO;Capital de trabajo;comerciante: otros;no dependiente;el agustino
100;0;0;0;0;0;24;24;0;;FALSO;Construir o remodelar;otros servicios: otros;no dependiente;arequipa
0;0;0;0;0;0;0;0;0;;FALSO;Capital de trabajo;construccion: remodelacion de vivienda;no dependiente;san juan de lurigancho
100;0;0;0;0;0;0;0;0;;VERDADERO;Otros motivos personales;;dependiente;callao
0;0;0;0;0;0;0;0;0;;VERDADERO;Capital de trabajo;otros servicios: servicio de transporte de carga;no dependiente;la victoria
0;0;0;0;100;698;667;637;1521.04;;VERDADERO;Construir o remodelar;comerciante: venta de alimentos minorista;no dependiente;ate
1.51;98.49;0;0;0;3;0;26;0;;VERDADERO;Capital de trabajo;manufactura: textil cuero y calzado;no dependiente;puente piedra
100;0;0;0;0;0;0;0;0;;VERDADERO;Compra de deuda;;dependiente;carabayllo
0;0;0;0;0;0;0;0;0;;VERDADERO;Compra de vehículo;otros servicios: servicio de transporte de carga;no dependiente;comas
100;0;0;0;0;0;0;0;0;;FALSO;Capital de trabajo;comerciante: venta de ropa cuero y calzado;no dependiente;chorrillos
0;0;0;0;0;0;0;0;0;33;FALSO;Capital de trabajo;otros servicios: telecomunicaciones;no dependiente;san martin de porres
100;0;0;0;0;0;0;0;0;;VERDADERO;Capital de trabajo;comerciante: venta de autopartes;no dependiente;miraflores
85.05;14.95;0;0;0;14;5;0;0;1;FALSO;Construir o remodelar;otros servicios: salon de belleza;no dependiente;la molina
100;0;0;0;0;0;0;6;0;3;VERDADERO;Capital de trabajo;;dependiente;surquillo
22.04;77.96;0;0;0;22;12;0;419.81;;VERDADERO;Compra de deuda;otros servicios: arrendamiento;;chorrillos
100;0;0;0;0;0;0;0;0;;VERDADERO;Compra de deuda;otros servicios: publicidad impresa;no dependiente;san juan de lurigancho
0;0;0;0;0;0;0;0;0;;FALSO;Lanzar nuevo negocio;;dependiente;trujillo
100;0;0;0;0;0;0;0;1817.62;;VERDADERO;Capital de trabajo;manufactura: papel edicion e impresion;no dependiente;san juan de lurigancho
100;0;0;0;0;0;0;0;0;;FALSO;Compra de deuda;otros servicios: servicio de transporte privado/taxi/remisse o mototaxi;no dependiente;san martin de porres
100;0;0;0;0;0;0;0;0;;;Compra de deuda;otros servicios: arrendamiento;;chorrillos
0;0;0;0;0;0;0;0;0;;VERDADERO;Capital de trabajo;;dependiente;villa el salvador
34.71;0;65.29;0;0;6;36;6;305.99;;VERDADERO;Compra de deuda;otros servicios: servicios de educacion y capacitacion;no dependiente;san martin de porres
100;0;0;0;0;0;0;0;0;;FALSO;Expansión del Negocio;otros servicios: arrendamiento;;lince
100;0;0;0;0;0;0;0;0;;FALSO;Capital de trabajo;comerciante: venta de equipamientos y accesorios de seguridad;no dependiente;san martin de porres
100;0;0;0;0;0;0;0;0;;VERDADERO;Compra de vehículo;;dependiente;breña
0;0;0;0;100;0;0;0;2145.44;;VERDADERO;Capital de trabajo;comerciante: venta de alimentos minorista;no dependiente;la esperanza
100;0;0;0;0;0;0;0;0;;VERDADERO;Capital de trabajo;comerciante: venta de ropa cuero y calzado;no dependiente;el porvenir
100;0;0;0;0;0;0;0;17854.62;;VERDADERO;Construir o remodelar;otros servicios: servicio de transporte urbano de pasajeros;no dependiente;callao
37.69;62.31;0;0;0;11;0;0;0;;VERDADERO;Construir o remodelar;comerciante: bodega;no dependiente;santa anita
100;0;0;0;0;0;0;0;0;;VERDADERO;Compra de deuda;comerciante: venta de articulos de libreria;no dependiente;callao
100;0;0;0;0;0;0;0;2953.23;;FALSO;Compra de deuda;comerciante: venta de abarrotes;no dependiente;carabayllo
100;0;0;0;0;0;0;0;0;;FALSO;Capital de trabajo;otros servicios: imprenta;no dependiente;callao
100;0;0;0;0;0;0;0;0;22;FALSO;Capital de trabajo;otros servicios: telecomunicaciones;no dependiente;san martin de porres
0;0;0;0;100;0;0;0;971.43;1;VERDADERO;Compra de deuda;otros servicios: otros;no dependiente;los olivos
100;0;0;0;0;0;0;0;0;;FALSO;Capital de trabajo;otros servicios: otros;no dependiente;santiago de surco
100;0;0;0;0;0;0;0;0;;VERDADERO;Capital de trabajo;;dependiente;miraflores
100;0;0;0;0;0;0;0;178.59;5;VERDADERO;Compra de deuda;comerciante: bodega;no dependiente;san juan de lurigancho
0;0;0;0;0;0;0;0;0;;VERDADERO;Compra de deuda;otros servicios: otros;no dependiente;san miguel
100;0;0;0;0;0;87;56;193.16;;FALSO;Capital de trabajo;comerciante: venta de alimentos mayorista;no dependiente;san luis
100;0;0;0;0;0;0;0;143;;FALSO;Capital de trabajo;comerciante: venta de frutas y verduras;no dependiente;los olivos
0;0;0;0;0;0;0;0;550.18;;VERDADERO;Construir o remodelar;otros servicios: consultoria empresarial;no dependiente;villa maria del triunfo
0;0;0;0;0;0;0;0;805.69;;VERDADERO;Construir o remodelar;;dependiente;villa el salvador
0;0;0;0;100;0;0;0;0;21;VERDADERO;Capital de trabajo;otros servicios: servicio tecnico industrial;no dependiente;los olivos
100;0;0;0;0;0;0;0;0;55;VERDADERO;Compra de deuda;;dependiente;santiago de surco
8.04;7.69;84.28;0;0;56;26;0;0;;VERDADERO;Compra de deuda;otros servicios: servicio de catering;no dependiente;los olivos
100;0;0;0;0;0;0;0;0;;VERDADERO;Compra de deuda;;dependiente;callao
100;0;0;0;0;0;0;0;10767.1;;FALSO;Capital de trabajo;comerciante: venta de vehiculos;no dependiente;lurin
100;0;0;0;0;0;0;0;171.95;28;VERDADERO;Compra de deuda;;dependiente;san martin de porres
0;0;0;100;0;70;41;12;74.8;;FALSO;Construir o remodelar;manufactura: elaborados de metal maquinaria equipo aparatos electricos vehiculos;no dependiente;comas
0;0;0;0;100;0;0;0;2755.93;;VERDADERO;Capital de trabajo;otros servicios: servicio de transporte privado/taxi/remisse o mototaxi;no dependiente;santa anita
0;0;0;0;0;0;0;0;0;;VERDADERO;Otros motivos personales;;dependiente;cercado de lima
100;0;0;0;0;0;0;0;115.47;;VERDADERO;Compra de deuda;otros servicios: servicio de transporte privado/taxi/remisse o mototaxi;no dependiente;callao
100;0;0;0;0;0;0;0;0;;VERDADERO;Compra de deuda;comerciante: venta de articulos de belleza;no dependiente;paucarpata
100;0;0;0;0;0;0;0;32;1;VERDADERO;Construir o remodelar;;dependiente;san miguel
100;0;0;0;0;0;0;0;0;;VERDADERO;Lanzar nuevo negocio;;dependiente;villa el salvador
100;0;0;0;0;0;0;0;0;;VERDADERO;Construir o remodelar;otros servicios: servicio de alojamiento hoteles;no dependiente;lince
0;0;63.47;36.53;0;102;76;73;0;;VERDADERO;Compra de deuda;comerciante: venta de ropa cuero y calzado;no dependiente;santiago de surco
45.2;52;2.81;0;0;46;16;0;67.22;;FALSO;Capital de trabajo;comerciante: otros;no dependiente;pueblo libre
100;0;0;0;0;0;0;0;440.69;;VERDADERO;Construir o remodelar;otros servicios: arrendamiento;;chorrillos
100;0;0;0;0;0;0;0;0;;VERDADERO;Compra de deuda;;dependiente;villa el salvador
4.84;95.16;0;0;0;9;0;0;0;;VERDADERO;Compra de deuda;comerciante: otros;no dependiente;san juan de lurigancho
31.86;0;0;68.14;0;90;60;29;0;;FALSO;Compra de deuda;manufactura: textil cuero y calzado;no dependiente;chorrillos
62.52;37.48;0;0;0;9;0;0;0;;VERDADERO;Capital de trabajo;otros servicios: otros;no dependiente;la molina
7.58;0;73.05;19.37;0;74;44;12;62.75;;VERDADERO;Construir o remodelar local comercial para uso propio;otros servicios: restaurante/fuente de soda;no dependiente;san martin de porres
97.69;2.31;0;0;0;25;27;0;0;2;VERDADERO;Construir o remodelar;otros servicios: otros;no dependiente;ventanilla
100;0;0;0;0;0;0;0;0;;FALSO;Construir o remodelar;otros servicios: otros;no dependiente;barranco
100;0;0;0;0;0;0;0;0;;FALSO;Capital de trabajo;comerciante: otros;no dependiente;san luis
100;0;0;0;0;0;0;0;0;;FALSO;Capital de trabajo;otros servicios: otros;no dependiente;santiago de surco
46.43;0;53.57;0;0;31;1;0;0;;VERDADERO;Capital de trabajo;comerciante: venta de alimentos minorista;no dependiente;trujillo
0;0;0;0;100;0;0;0;3234.21;11;VERDADERO;Capital de trabajo;comerciante: venta de madera/metal/plastico;no dependiente;villa el salvador
100;0;0;0;0;0;0;0;158.74;;VERDADERO;Capital de trabajo;comerciante: venta de articulos de ferreteria;no dependiente;los olivos
0;0;0;0;100;0;0;132;0;;VERDADERO;Compra de deuda;;dependiente;san isidro
100;0;0;0;0;0;0;0;0;1;FALSO;Compra de deuda;otros servicios: otros;no dependiente;carabayllo
0;0;0;0;0;0;0;0;0;2;VERDADERO;Construir o remodelar;otros servicios: otros;no dependiente;carabayllo
28.22;71.78;0;0;0;0;0;9;0;;FALSO;Capital de trabajo;comerciante: venta de alimentos mayorista;no dependiente;ate
0;0;0;0;0;0;0;0;22339.97;;VERDADERO;Construir o remodelar;otros servicios: arrendamiento;;la victoria
96.33;3.67;0;0;0;10;11;0;0;;VERDADERO;Capital de trabajo;otros servicios: otros;no dependiente;los olivos
0;0;0;40.15;59.85;102;240;209;189.5;;VERDADERO;Construir o remodelar;otros servicios: arrendamiento;;trujillo
100;0;0;0;0;0;0;0;0;;VERDADERO;Construir o remodelar local comercial para uso propio;;dependiente;la molina
100;0;0;0;0;0;0;0;0;;VERDADERO;Compra de deuda;otros servicios: consultoria empresarial;no dependiente;pueblo libre
0;0;0;0;100;0;0;0;1633.23;;VERDADERO;Construir o remodelar;;dependiente;comas
100;0;0;0;0;0;0;0;0;;VERDADERO;Construir o remodelar;;dependiente;villa el salvador
92.17;0;7.83;0;0;36;6;0;0;;VERDADERO;Capital de trabajo;comerciante: venta de bebidas alcoholicas;no dependiente;san martin de porres
98.68;1.32;0;0;0;20;1;0;0;;VERDADERO;Construir o remodelar local comercial para uso propio;otros servicios: salud y estetica;no dependiente;trujillo
0;0;0;0;0;0;0;0;0;;VERDADERO;Capital de trabajo;comerciante: venta de alimentos mayorista;no dependiente;la esperanza
92.17;0;7.83;0;0;36;6;0;0;;VERDADERO;Capital de trabajo;comerciante: venta de bebidas alcoholicas;no dependiente;san martin de porres
0;0;0;0;100;0;0;0;0;1;FALSO;Lanzar nuevo negocio;;dependiente;san miguel
0;0;0;0;100;0;0;0;292.99;;VERDADERO;Compra de deuda;otros servicios: servicios de educacion y capacitacion;no dependiente;jesus maria
100;0;0;0;0;0;0;0;0;0;VERDADERO;Compra de deuda;otros servicios: otros;no dependiente;miraflores
0;0;0;0;0;0;0;0;256.07;;VERDADERO;Capital de trabajo;otros servicios: telecomunicaciones;no dependiente;miraflores
100;0;0;0;0;0;0;0;0;;VERDADERO;Construir o remodelar;otros servicios: arrendamiento;;santiago de surco
100;0;0;0;0;0;0;0;0;;FALSO;Capital de trabajo;comerciante: venta de madera/metal/plastico;no dependiente;cerro colorado
0;0;0;23.12;76.88;804;774;743;313.01;;VERDADERO;Compra de deuda;comerciante: otros;no dependiente;cayma
0;0;0;0;0;0;0;0;1254.69;42;VERDADERO;Capital de trabajo;comerciante: venta de ropa cuero y calzado;no dependiente;la perla
98.93;0;0;1.07;0;115;85;53;5008.65;;FALSO;Construir o remodelar;otros servicios: arrendamiento;;miraflores
100;0;0;0;0;0;0;0;0;;FALSO;Capital de trabajo;comerciante: venta de articulos de ferreteria;no dependiente;san martin de porres
100;0;0;0;0;0;0;0;0;;VERDADERO;Compra de deuda;construccion: otros;no dependiente;pueblo libre
100;0;0;0;0;0;0;0;47.9;;VERDADERO;Capital de trabajo;agricultura (produccion agricola);no dependiente;san juan de lurigancho
0;0;0;0;0;0;0;0;28939.54;;FALSO;Construir o remodelar;otros servicios: otros;no dependiente;rimac
100;0;0;0;0;0;6;0;0;;VERDADERO;Capital de trabajo;construccion: construccion de local(es) comercial(es);no dependiente;la molina
4.64;68.25;27.11;0;0;59;41;13;0;;FALSO;Capital de trabajo;comerciante: venta de accesorios y equipos tecnologicos;no dependiente;santiago de surco
100;0;0;0;0;0;0;0;0;;FALSO;Construir o remodelar local comercial para alquiler;otros servicios: arrendamiento;;los olivos
0;0;0;0;100;0;0;0;0;84;VERDADERO;Compra de deuda;otros servicios: taller automotriz;no dependiente;carabayllo
100;0;0;0;0;0;0;0;0;;VERDADERO;Capital de trabajo;;dependiente;callao
0;0;0;0;0;0;0;0;0;;VERDADERO;Capital de trabajo;otros servicios: otros;no dependiente;chorrillos
24.46;0;75.54;0;0;45;15;14;0;;VERDADERO;Compra de deuda;comerciante: venta de articulos de belleza;no dependiente;trujillo
100;0;0;0;0;0;0;0;18.79;;VERDADERO;Capital de trabajo;otros servicios: otros;no dependiente;trujillo
100;0;0;0;0;0;0;0;0;;VERDADERO;Compra de deuda;otros servicios: servicios de educacion y capacitacion;no dependiente;bellavista
60.27;21.73;18.01;0;0;45;45;15;0;;FALSO;Capital de trabajo;otros servicios: otros;no dependiente;punta negra
0;100;0;0;0;20;20;0;467.11;;FALSO;Lanzar nuevo negocio;otros servicios: otros;no dependiente;san juan de miraflores
0;0;0;0;0;0;0;0;2139.09;;FALSO;Capital de trabajo;comerciante: venta de ropa cuero y calzado;no dependiente;carabayllo
0;0;0;100;0;36;36;6;533.83;;VERDADERO;Capital de trabajo;otros servicios: servicio de transporte privado/taxi/remisse o mototaxi;no dependiente;santiago de surco
0;100;0;0;0;0;0;0;0;;VERDADERO;Compra de deuda;;dependiente;san martin de porres
100;0;0;0;0;0;0;0;0;;VERDADERO;Capital de trabajo;otros servicios: otros;no dependiente;carabayllo
100;0;0;0;0;1;1;2;0;;VERDADERO;Compra de deuda;comerciante: bodega;no dependiente;carabayllo
94.07;5.93;0;0;0;0;0;0;0;;VERDADERO;Compra de deuda;;dependiente;breña
100;0;0;0;0;0;0;0;0;;VERDADERO;Compra de deuda;;dependiente;san juan de lurigancho
82.99;17.01;0;0;0;26;0;0;0;;VERDADERO;Construir o remodelar;otros servicios: otros;no dependiente;cercado de lima
100;0;0;0;0;0;0;0;0;17;VERDADERO;Compra de deuda;comerciante: venta de ropa cuero y calzado;no dependiente;santiago de surco
100;0;0;0;0;0;0;0;0;;;Compra de deuda;;dependiente;san juan de lurigancho
0;0;0;0;0;0;0;0;0;;VERDADERO;Capital de trabajo;comerciante: venta de ropa cuero y calzado;no dependiente;villa el salvador
0;0;0;0;100;0;0;0;0;;VERDADERO;Capital de trabajo;otros servicios: servicio de transporte de carga;no dependiente;puente piedra
0;0;0;0;100;0;0;0;1733.7;10;VERDADERO;Construir o remodelar;;dependiente;carabayllo
0;37.38;62.62;0;0;10;10;0;0;;VERDADERO;Capital de trabajo;comerciante: otros;no dependiente;huaraz
0;0;0;100;0;0;0;1;150.08;;FALSO;Construir o remodelar local comercial para alquiler;comerciante: venta de ropa cuero y calzado;no dependiente;trujillo
97.97;0;2.03;0;0;56;26;0;0;;VERDADERO;Compra de deuda;otros servicios: otros;no dependiente;cercado de lima
100;0;0;0;0;0;0;0;0;2;VERDADERO;Capital de trabajo;otros servicios: otros;no dependiente;santiago de surco
0;0;0;0;0;0;0;0;0;;VERDADERO;Construir o remodelar;comerciante: venta de ropa cuero y calzado;no dependiente;comas
0;0;0;0;0;0;0;0;14.28;;FALSO;Capital de trabajo;comerciante: venta de madera/metal/plastico;no dependiente;trujillo
98.27;0;0;0;1.73;0;0;0;3324.67;;VERDADERO;Construir o remodelar;otros servicios: salud y estetica;no dependiente;carabayllo
100;0;0;0;0;0;0;0;0;;VERDADERO;Compra de deuda;comerciante: otros;no dependiente;san martin de porres
0;0;100;0;0;0;0;0;412;;VERDADERO;Compra de deuda;comerciante: otros;no dependiente;la esperanza
1.99;98.01;0;0;0;10;10;11;126.64;;VERDADERO;Compra de deuda;;dependiente;santiago de surco
97.83;2.17;0;0;0;0;0;0;0;;FALSO;Compra de deuda;;dependiente;san luis
100;0;0;0;0;0;0;0;0;;VERDADERO;Compra de vehículo;;dependiente;san juan de miraflores
100;0;0;0;0;0;0;0;0;;FALSO;Construir o remodelar;otros servicios: otros;no dependiente;cercado de lima
0;97.15;2.85;0;0;5;5;0;0;;VERDADERO;Construir o remodelar;construccion: construccion de vivienda;no dependiente;carabayllo
29.78;0;70.22;0;0;15;15;0;0;;VERDADERO;Capital de trabajo;otros servicios: restaurante/fuente de soda;no dependiente;puente piedra
0;0;0;0;0;0;0;0;0;;VERDADERO;Capital de trabajo;comerciante: bodega;no dependiente;san juan de lurigancho
100;0;0;0;0;0;0;6;25.9;;VERDADERO;Compra de deuda;otros servicios: servicio de catering;no dependiente;barranco
0;0;0;0;100;0;0;0;2327.91;;FALSO;Capital de trabajo;comerciante: otros;no dependiente;san juan de miraflores
100;0;0;0;0;0;0;0;0;;VERDADERO;Capital de trabajo;manufactura: textil cuero y calzado;no dependiente;san borja
0;0;0;0;0;0;0;0;0;2;VERDADERO;Capital de trabajo;otros servicios: otros;no dependiente;comas
8.98;0;32.67;22.57;35.79;20;20;25;800.18;;;Construir o remodelar;otros servicios: restaurante/fuente de soda;no dependiente;castilla
0;84.67;10.19;5.15;0;36;36;6;127.51;;VERDADERO;Construir o remodelar;otros servicios: restaurante/fuente de soda;no dependiente;salaverry
7.36;0;11.88;80.76;0;69;69;39;0;;VERDADERO;Capital de trabajo;otros servicios: salon de belleza;no dependiente;san borja
0;0;39.95;60.05;0;101;101;71;137.42;;VERDADERO;Compra de deuda;otros servicios: otros;no dependiente;ate
100;0;0;0;0;0;0;0;0;;FALSO;Capital de trabajo;otros servicios: taller automotriz;no dependiente;cercado de lima
100;0;0;0;0;0;0;0;0;;FALSO;Otros motivos personales;;dependiente;surquillo
49.79;50.21;0;0;0;0;0;0;0;;VERDADERO;Compra de deuda;otros servicios: servicios de educacion y capacitacion;no dependiente;surquillo
100;0;0;0;0;0;0;0;0;;FALSO;Construir o remodelar;;dependiente;san juan de lurigancho
0;0;0;0;0;0;0;0;1420.75;;VERDADERO;Capital de trabajo;comerciante: venta de ropa cuero y calzado;no dependiente;san miguel
100;0;0;0;0;0;0;0;156.65;;VERDADERO;Compra de deuda;;dependiente;independencia
0;0;0;0;0;0;0;0;0;;FALSO;Lanzar nuevo negocio;otros servicios: telecomunicaciones;no dependiente;san miguel
69.15;30.85;0;0;0;0;0;0;0;;VERDADERO;Construir o remodelar;;dependiente;trujillo
5.08;94.92;0;0;0;0;0;26;0;;VERDADERO;Capital de trabajo;otros servicios: otros;no dependiente;callao
100;0;0;0;0;3;3;0;0;;FALSO;Compra de deuda;comerciante: venta de alimentos mayorista;no dependiente;san martin de porres
100;0;0;0;0;0;0;0;0;;VERDADERO;Compra de deuda;otros servicios: otros;no dependiente;miraflores
0;0;0;0;0;0;0;0;0;;VERDADERO;Construir o remodelar;comerciante: otros;no dependiente;jesus maria
100;0;0;0;0;0;0;0;16.16;13;FALSO;Capital de trabajo;otros servicios: arrendamiento;;chorrillos
100;0;0;0;0;0;0;0;639.13;;VERDADERO;Otros motivos personales;comerciante: venta de ropa cuero y calzado;no dependiente;trujillo
0;0;0;0;100;0;0;0;0;;VERDADERO;Capital de trabajo;;dependiente;trujillo
100;0;0;0;0;0;0;0;0;;FALSO;Construir o remodelar;construccion: construccion de vivienda;no dependiente;cerro colorado
100;0;0;0;0;0;0;0;0;;VERDADERO;Capital de trabajo;construccion: otros;no dependiente;san borja
100;0;0;0;0;0;0;8;402.02;;VERDADERO;Lanzar nuevo negocio;;dependiente;cercado de lima
0;0;0;0;0;0;0;0;2152.78;;VERDADERO;Construir o remodelar;otros servicios: salon de belleza;no dependiente;ventanilla
100;0;0;0;0;0;0;0;0;;VERDADERO;Capital de trabajo;comerciante: otros;no dependiente;ate
100;0;0;0;0;1;1;0;0;;VERDADERO;Compra de deuda;;dependiente;san martin de porres
0;0;0;10.86;89.14;0;0;0;57.09;;VERDADERO;Compra de deuda;otros servicios: servicio de catering;no dependiente;san luis
0;0;0;0;100;0;0;0;123.7;;FALSO;Capital de trabajo;otros servicios: otros;no dependiente;trujillo
100;0;0;0;0;0;0;0;0;;VERDADERO;Compra de deuda;otros servicios: otros;no dependiente;los olivos
33.74;66.26;0;0;0;20;20;15;0;;VERDADERO;Compra de deuda;otros servicios: otros;no dependiente;san luis
100;0;0;0;0;0;0;0;0;;VERDADERO;Construir o remodelar;otros servicios: consultoria empresarial;no dependiente;los olivos
100;0;0;0;0;0;0;0;0;;FALSO;Construir o remodelar;otros servicios: arrendamiento;;san borja
100;0;0;0;0;0;0;0;0;;VERDADERO;Compra de deuda;;dependiente;los olivos
100;0;0;0;0;0;0;0;941.3;;FALSO;Expansión del Negocio;otros servicios: otros;no dependiente;los olivos
100;0;0;0;0;0;0;0;0;;VERDADERO;Compra de deuda;;dependiente;san juan de miraflores
100;0;0;0;0;0;0;0;0;;FALSO;Capital de trabajo;;dependiente;ate
41.19;58.81;0;0;0;0;0;0;0;;FALSO;Compra de deuda;;dependiente;surquillo
100;0;0;0;0;0;0;0;0;;FALSO;Capital de trabajo;comerciante: otros;no dependiente;trujillo
100;0;0;0;0;0;0;0;0;;FALSO;Capital de trabajo;comerciante: venta de articulos de ferreteria;no dependiente;la victoria
0;0;0;0;0;0;0;148;0;;VERDADERO;Construir o remodelar;comerciante: venta de frutas y verduras;no dependiente;san luis
100;0;0;0;0;0;0;0;0;;FALSO;Construir o remodelar;;dependiente;los olivos
0;0;0;0;100;0;0;152;2511.83;;VERDADERO;Capital de trabajo;comerciante: bodega;no dependiente;rimac
100;0;0;0;0;0;0;0;0;;VERDADERO;Capital de trabajo;otros servicios: concesionario de alimentos;no dependiente;jesus maria
100;0;0;0;0;0;0;0;0;;VERDADERO;Lanzar nuevo negocio;;dependiente;surquillo
